{"text": " In Python programming, list is a very important data type. If you want to store 10, 15, 20 things in a particular entity, then you can make a list of it. For example, you can make a list of marks of students of class 8, or you can make a list of people living in Europe, or you can make a list of people enrolled in 100 days of code Python. By making all these lists, you can perform some operations on them, you can iterate them, and you can call them by one name.",
      "segments": [
            {"id": 0, "seek": 0, "start": 0.0, "end": 3.36, "text": " In Python programming, list is a very important data type.", "tokens": [
                        50364,
                        682,
                        15329,
                        9410,
                        11,
                        1329,
                        307,
                        257,
                        588,
                        1021,
                        1412,
                        2010,
                        13,
                        50532
                  ], "temperature": 0.0, "avg_logprob": -0.39459883321927286, "compression_ratio": 1.8674698795180722, "no_speech_prob": 0.022097446024417877
            },
            {"id": 1, "seek": 0, "start": 3.36, "end": 8.8, "text": " If you want to store 10, 15, 20 things in a particular entity,", "tokens": [
                        50532,
                        759,
                        291,
                        528,
                        281,
                        3531,
                        1266,
                        11,
                        2119,
                        11,
                        945,
                        721,
                        294,
                        257,
                        1729,
                        13977,
                        11,
                        50804
                  ], "temperature": 0.0, "avg_logprob": -0.39459883321927286, "compression_ratio": 1.8674698795180722, "no_speech_prob": 0.022097446024417877
            },
            {"id": 2, "seek": 0, "start": 8.8, "end": 10.16, "text": " then you can make a list of it.", "tokens": [
                        50804,
                        550,
                        291,
                        393,
                        652,
                        257,
                        1329,
                        295,
                        309,
                        13,
                        50872
                  ], "temperature": 0.0, "avg_logprob": -0.39459883321927286, "compression_ratio": 1.8674698795180722, "no_speech_prob": 0.022097446024417877
            },
            {"id": 3, "seek": 0, "start": 10.16, "end": 13.48, "text": " For example, you can make a list of marks of students of class 8,", "tokens": [
                        50872,
                        1171,
                        1365,
                        11,
                        291,
                        393,
                        652,
                        257,
                        1329,
                        295,
                        10640,
                        295,
                        1731,
                        295,
                        1508,
                        1649,
                        11,
                        51038
                  ], "temperature": 0.0, "avg_logprob": -0.39459883321927286, "compression_ratio": 1.8674698795180722, "no_speech_prob": 0.022097446024417877
            },
            {"id": 4, "seek": 0, "start": 13.48, "end": 16.44, "text": " or you can make a list of people living in Europe,", "tokens": [
                        51038,
                        420,
                        291,
                        393,
                        652,
                        257,
                        1329,
                        295,
                        561,
                        2647,
                        294,
                        3315,
                        11,
                        51186
                  ], "temperature": 0.0, "avg_logprob": -0.39459883321927286, "compression_ratio": 1.8674698795180722, "no_speech_prob": 0.022097446024417877
            },
            {"id": 5, "seek": 0, "start": 16.44, "end": 21.04, "text": " or you can make a list of people enrolled in 100 days of code Python.", "tokens": [
                        51186,
                        420,
                        291,
                        393,
                        652,
                        257,
                        1329,
                        295,
                        561,
                        25896,
                        294,
                        2319,
                        1708,
                        295,
                        3089,
                        15329,
                        13,
                        51416
                  ], "temperature": 0.0, "avg_logprob": -0.39459883321927286, "compression_ratio": 1.8674698795180722, "no_speech_prob": 0.022097446024417877
            },
            {"id": 6, "seek": 0, "start": 21.04, "end": 24.84, "text": " By making all these lists, you can perform some operations on them,", "tokens": [
                        51416,
                        3146,
                        1455,
                        439,
                        613,
                        14511,
                        11,
                        291,
                        393,
                        2042,
                        512,
                        7705,
                        322,
                        552,
                        11,
                        51606
                  ], "temperature": 0.0, "avg_logprob": -0.39459883321927286, "compression_ratio": 1.8674698795180722, "no_speech_prob": 0.022097446024417877
            },
            {"id": 7, "seek": 0, "start": 24.84, "end": 28.44, "text": " you can iterate them, and you can call them by one name.", "tokens": [
                        51606,
                        291,
                        393,
                        44497,
                        552,
                        11,
                        293,
                        291,
                        393,
                        818,
                        552,
                        538,
                        472,
                        1315,
                        13,
                        51786
                  ], "temperature": 0.0, "avg_logprob": -0.39459883321927286, "compression_ratio": 1.8674698795180722, "no_speech_prob": 0.022097446024417877
            }
      ], "language": "hi"
}